0.jpg,american_colonial
1.jpg,american_colonial
2.jpg,american_colonial
3.jpg,american_colonial
4.jpg,american_colonial
5.jpg,american_colonial
6.jpg,american_colonial
7.jpg,art_deco
8.jpg,art_deco
9.jpg,art_deco
10.jpg,art_deco
11.jpg,art_deco
12.jpg,art_deco
13.jpg,art_deco
14.jpg,bohemian
15.jpg,bohemian
16.jpg,bohemian
17.jpg,bohemian
18.jpg,bohemian
19.jpg,bohemian
20.jpg,bohemian
21.jpg,contemporary
22.jpg,contemporary
23.jpg,contemporary
24.jpg,contemporary
25.jpg,contemporary
26.jpg,contemporary
27.jpg,eclectic
28.jpg,eclectic
29.jpg,eclectic
30.jpg,eclectic
31.jpg,eclectic
32.jpg,eclectic
33.jpg,industrial
34.jpg,industrial
35.jpg,industrial
36.jpg,industrial
37.jpg,industrial
38.jpg,industrial
39.jpg,industrial
40.jpg,industrial
41.jpg,industrial
42.jpg,industrial
43.jpg,industrial
44.jpg,industrial
45.jpg,industrial
46.jpg,industrial
47.jpg,industrial
48.jpg,industrial
49.jpg,industrial
50.jpg,industrial
51.jpg,industrial
52.jpg,industrial
53.jpg,industrial
54.jpg,mid_century_modern
54.jpg,mid_century_modern
55.jpg,mid_century_modern
54.jpg,mid_century_modern
56.jpg,mid_century_modern
55.jpg,mid_century_modern
56.jpg,mid_century_modern
57.jpg,mid_century_modern
58.jpg,mid_century_modern
59.jpg,mid_century_modern
60.jpg,mid_century_modern
61.jpg,mid_century_modern
62.jpg,mid_century_modern
63.jpg,mid_century_modern
64.jpg,mid_century_modern
65.jpg,minimalist
66.jpg,minimalist
67.jpg,minimalist
68.jpg,minimalist
69.jpg,minimalist
70.jpg,minimalist
71.jpg,minimalist
72.jpg,minimalist
73.jpg,minimalist
74.jpg,minimalist
75.jpg,minimalist
76.jpg,minimalist
77.jpg,minimalist
78.jpg,minimalist
79.jpg,modern
80.jpg,modern
81.jpg,modern
82.jpg,modern
83.jpg,modern
84.jpg,modern
85.jpg,modern
86.jpg,modern
87.jpg,modern
88.jpg,modern
89.jpg,modern
90.jpg,nautical
91.jpg,nautical
92.jpg,nautical
93.jpg,nautical
94.jpg,nautical
95.jpg,nautical
96.jpg,nautical
97.jpg,nautical
98.jpg,nautical
99.jpg,nautical
100.jpg,nautical
101.jpg,nautical
102.jpg,rustic
103.jpg,rustic
104.jpg,rustic
105.jpg,rustic
106.jpg,rustic
107.jpg,rustic
108.jpg,scandinavian
109.jpg,scandinavian
110.jpg,scandinavian
111.jpg,scandinavian
112.jpg,scandinavian
113.jpg,scandinavian
114.jpg,scandinavian
115.jpg,scandinavian
116.jpg,scandinavian
117.jpg,scandinavian
118.jpg,scandinavian
119.jpg,scandinavian
120.jpg,scandinavian
121.jpg,scandinavian
122.jpg,scandinavian
123.jpg,scandinavian
124.jpg,shabby_chic
125.jpg,shabby_chic
126.jpg,shabby_chic
127.jpg,shabby_chic
128.jpg,shabby_chic
129.jpg,shabby_chic
130.jpg,shabby_chic
131.jpg,shabby_chic
132.jpg,shabby_chic
133.jpg,shabby_chic
134.jpg,traditional
135.jpg,traditional
136.jpg,traditional
137.jpg,traditional
138.jpg,traditional
139.jpg,traditional
140.jpg,vintage
141.jpg,vintage
142.jpg,vintage
143.jpg,vintage
144.jpg,vintage
145.jpg,vintage
146.jpg,vintage
147.jpg,vintage
148.jpg,vintage
149.jpg,vintage
150.jpg,mid_century_modern
151.jpg,minimalist
152.jpg,minimalist